{
    "variants": {
        "": [
            { "model": "block/netherrack" , "weight": 60 },
            { "model": "block/netherrack", "x": 90, "weight": 60 },
            { "model": "block/netherrack", "x": 180, "weight": 60 },
            { "model": "block/netherrack", "x": 270, "weight": 60 },
            { "model": "block/netherrack", "y": 90, "weight": 60 },
            { "model": "block/netherrack", "y": 90, "x": 90, "weight": 60 },
            { "model": "block/netherrack", "y": 90, "x": 180, "weight": 60 },
            { "model": "block/netherrack", "y": 90, "x": 270, "weight": 60 },
            { "model": "block/netherrack", "y": 180, "weight": 60 },
            { "model": "block/netherrack", "y": 180, "x": 90, "weight": 60 },
            { "model": "block/netherrack", "y": 180, "x": 180, "weight": 60 },
            { "model": "block/netherrack", "y": 180, "x": 270, "weight": 60 },
            { "model": "block/netherrack", "y": 270, "weight": 60 },
            { "model": "block/netherrack", "y": 270, "x": 90, "weight": 60 },
            { "model": "block/netherrack", "y": 270, "x": 180, "weight": 60 },
            { "model": "block/netherrack", "y": 270, "x": 270, "weight": 60 },
			{ "model": "block/netherrack1", "weight": 2 },
            { "model": "block/netherrack1", "x": 90, "weight": 2 },
            { "model": "block/netherrack1", "x": 180, "weight": 2 },
            { "model": "block/netherrack1", "x": 270, "weight": 2 },
            { "model": "block/netherrack1", "y": 90, "weight": 2 },
            { "model": "block/netherrack1", "y": 90, "x": 90, "weight": 2 },
            { "model": "block/netherrack1", "y": 90, "x": 180, "weight": 2 },
            { "model": "block/netherrack1", "y": 90, "x": 270, "weight": 2 },
            { "model": "block/netherrack1", "y": 180, "weight": 2 },
            { "model": "block/netherrack1", "y": 180, "x": 90, "weight": 2 },
            { "model": "block/netherrack1", "y": 180, "x": 180, "weight": 2 },
            { "model": "block/netherrack1", "y": 180, "x": 270, "weight": 2 },
            { "model": "block/netherrack1", "y": 270, "weight": 2 },
            { "model": "block/netherrack1", "y": 270, "x": 90, "weight": 2 },
            { "model": "block/netherrack1", "y": 270, "x": 180, "weight": 2 },
            { "model": "block/netherrack1", "y": 270, "x": 270, "weight": 2 },
			{ "model": "block/netherrack2", "weight": 2 },
            { "model": "block/netherrack2", "x": 90, "weight": 2 },
            { "model": "block/netherrack2", "x": 180, "weight": 2 },
            { "model": "block/netherrack2", "x": 270, "weight": 2 },
            { "model": "block/netherrack2", "y": 90, "weight": 2 },
            { "model": "block/netherrack2", "y": 90, "x": 90, "weight": 2 },
            { "model": "block/netherrack2", "y": 90, "x": 180, "weight": 2 },
            { "model": "block/netherrack2", "y": 90, "x": 270, "weight": 2 },
            { "model": "block/netherrack2", "y": 180, "weight": 2 },
            { "model": "block/netherrack2", "y": 180, "x": 90, "weight": 2 },
            { "model": "block/netherrack2", "y": 180, "x": 180, "weight": 2 },
            { "model": "block/netherrack2", "y": 180, "x": 270, "weight": 2 },
            { "model": "block/netherrack2", "y": 270, "weight": 2 },
            { "model": "block/netherrack2", "y": 270, "x": 90, "weight": 2 },
            { "model": "block/netherrack2", "y": 270, "x": 180, "weight": 2 },
            { "model": "block/netherrack2", "y": 270, "x": 270, "weight": 2 },
			{ "model": "block/netherrack3", "weight": 2 },
            { "model": "block/netherrack3", "x": 90, "weight": 2 },
            { "model": "block/netherrack3", "x": 180, "weight": 2 },
            { "model": "block/netherrack3", "x": 270, "weight": 2 },
            { "model": "block/netherrack3", "y": 90, "weight": 2 },
            { "model": "block/netherrack3", "y": 90, "x": 90, "weight": 2 },
            { "model": "block/netherrack3", "y": 90, "x": 180, "weight": 2 },
            { "model": "block/netherrack3", "y": 90, "x": 270, "weight": 2 },
            { "model": "block/netherrack3", "y": 180, "weight": 2 },
            { "model": "block/netherrack3", "y": 180, "x": 90, "weight": 2 },
            { "model": "block/netherrack3", "y": 180, "x": 180, "weight": 2 },
            { "model": "block/netherrack3", "y": 180, "x": 270, "weight": 2 },
            { "model": "block/netherrack3", "y": 270, "weight": 2 },
            { "model": "block/netherrack3", "y": 270, "x": 90, "weight": 2 },
            { "model": "block/netherrack3", "y": 270, "x": 180, "weight": 2 },
            { "model": "block/netherrack3", "y": 270, "x": 270, "weight": 2 },
			{ "model": "block/netherrack4", "weight": 1 },
            { "model": "block/netherrack4", "x": 90, "weight": 1 },
            { "model": "block/netherrack4", "x": 180, "weight": 1 },
            { "model": "block/netherrack4", "x": 270, "weight": 1 },
            { "model": "block/netherrack4", "y": 90, "weight": 1 },
            { "model": "block/netherrack4", "y": 90, "x": 90, "weight": 1 },
            { "model": "block/netherrack4", "y": 90, "x": 180, "weight": 1 },
            { "model": "block/netherrack4", "y": 90, "x": 270, "weight": 1 },
            { "model": "block/netherrack4", "y": 180, "weight": 1 },
            { "model": "block/netherrack4", "y": 180, "x": 90, "weight": 1 },
            { "model": "block/netherrack4", "y": 180, "x": 180, "weight": 1 },
            { "model": "block/netherrack4", "y": 180, "x": 270, "weight": 1 },
            { "model": "block/netherrack4", "y": 270, "weight": 1 },
            { "model": "block/netherrack4", "y": 270, "x": 90, "weight": 1 },
            { "model": "block/netherrack4", "y": 270, "x": 180, "weight": 1 },
            { "model": "block/netherrack4", "y": 270, "x": 270, "weight": 1 },
			{ "model": "block/netherrack5", "weight": 1 },
            { "model": "block/netherrack5", "x": 90, "weight": 1 },
            { "model": "block/netherrack5", "x": 180, "weight": 1 },
            { "model": "block/netherrack5", "x": 270, "weight": 1 },
            { "model": "block/netherrack5", "y": 90, "weight": 1 },
            { "model": "block/netherrack5", "y": 90, "x": 90, "weight": 1 },
            { "model": "block/netherrack5", "y": 90, "x": 180, "weight": 1 },
            { "model": "block/netherrack5", "y": 90, "x": 270, "weight": 1 },
            { "model": "block/netherrack5", "y": 180, "weight": 1 },
            { "model": "block/netherrack5", "y": 180, "x": 90, "weight": 1 },
            { "model": "block/netherrack5", "y": 180, "x": 180, "weight": 1 },
            { "model": "block/netherrack5", "y": 180, "x": 270, "weight": 1 },
            { "model": "block/netherrack5", "y": 270, "weight": 1 },
            { "model": "block/netherrack5", "y": 270, "x": 90, "weight": 1 },
            { "model": "block/netherrack5", "y": 270, "x": 180, "weight": 1 },
            { "model": "block/netherrack5", "y": 270, "x": 270, "weight": 1 }
			
        ]
    }
}
